user_input,retrieved_contexts,response,reference,faithfulness,answer_relevancy,context_precision,context_recall
Who prepared these digital notes on Machine Learning?,"['Learning, Springer2009 \n2. Christopher Bishop, Pattern Recognition and Machine Learning, Springer,2007. \n3. Machine Learning Yearning, Andrew Ng. \n4. Data Mining–Concepts and Techniques -Jiawei Han and Micheline Kamber,Morgan \nKaufmann', 'Learning, Springer2009 \n2. Christopher Bishop, Pattern Recognition and Machine Learning, Springer,2007. \n3. Machine Learning Yearning, Andrew Ng. \n4. Data Mining–Concepts and Techniques -Jiawei Han and Micheline Kamber,Morgan \nKaufmann', 'KFold, Leave-One-Out Cross Validation. Bias-Variance tradeoff, Regularization , Overfitting, \nUnderfitting. Ensemble Methods: Boosting, Bagging, Random Forest. \nUNIT – V \nUnsupervised Learning : Clustering-K-means, K-Modes, K-Prototypes, Gaussian Mixture \nModels, Expectation-Maximization. \nReinforcement Learning: Exploration and exploitation trade-offs, non-associative learning, \nMarkov decision processes, Q-learning. \nTEXT BOOKS: \n1. Machine Learning –Saikat Dutt, Subramanian Chandramouli, Amit Kumar Das, \nPearson . \n2. Foundations of Machine Learning, Mehryar Mohri, Afshin Rostamizadeh, Ameet \nTalwalkar, MIT Press. \n3. Kevin Murphy, Machine Learning: A Probabilistic Perspective, MIT Press,2012 \nREFERENCE BOOKS: \n1. Trevor Hastie, Robert Tibshirani, Jerome Friedman, The Elements of Statistical \nLearning, Springer2009 \n2. Christopher Bishop, Pattern Recognition and Machine Learning, Springer,2007. \n3. Machine Learning Yearning, Andrew Ng.', 'KFold, Leave-One-Out Cross Validation. Bias-Variance tradeoff, Regularization , Overfitting, \nUnderfitting. Ensemble Methods: Boosting, Bagging, Random Forest. \nUNIT – V \nUnsupervised Learning : Clustering-K-means, K-Modes, K-Prototypes, Gaussian Mixture \nModels, Expectation-Maximization. \nReinforcement Learning: Exploration and exploitation trade-offs, non-associative learning, \nMarkov decision processes, Q-learning. \nTEXT BOOKS: \n1. Machine Learning –Saikat Dutt, Subramanian Chandramouli, Amit Kumar Das, \nPearson . \n2. Foundations of Machine Learning, Mehryar Mohri, Afshin Rostamizadeh, Ameet \nTalwalkar, MIT Press. \n3. Kevin Murphy, Machine Learning: A Probabilistic Perspective, MIT Press,2012 \nREFERENCE BOOKS: \n1. Trevor Hastie, Robert Tibshirani, Jerome Friedman, The Elements of Statistical \nLearning, Springer2009 \n2. Christopher Bishop, Pattern Recognition and Machine Learning, Springer,2007. \n3. Machine Learning Yearning, Andrew Ng.']",I’m sorry—I couldn’t locate the information about who prepared the digital notes on Machine Learning or its course code.,Padmaja,,0.0,,
What is the course code for this Machine Learning subject?,"['DEPARTMENT OF CSE AY:2023-24 \nMACHINE LEARNING 83', 'DEPARTMENT OF CSE AY:2023-24 \nMACHINE LEARNING 83', 'MALLA REDDY COLLEGE OF ENGINEERING AND TECHNOLOGY \nIII Year B.Tech. CSE- II Sem L/T/P/C \n3 -/-/3 \n(R20A0518) MACHINE LEARNING \nUNIT – I \nIntroduction: Introduction to Machine learning, Supervised learning, Unsupervised learning, \nReinforcement learning. Deep learning. \nFeature Selection: Filter, Wrapper, Embedded methods. \nFeature Normalization:- min-max normalization, z-score normalization, and constant factor \nnormalization \nIntroduction to Dimensionality Reduction: Principal Component Analysis (PCA), Linear \nDiscriminant Analysis (LDA) \nUNIT – II \nSupervised Learning – I (Regression/Classification) \nRegression models: Simple Linear Regression, multiple linear Regression. Cost Function, \nGradient Descent, Performance Metrics: Mean Absolute Error(MAE),Mean Squared \nError(MSE) R-Squared error, Adjusted R Square. \nClassification models: Decision Trees-ID3, CART, Naive Bayes, K-Nearest-Neighbours (KNN), \nLogistic Regression, Multinomial Logistic Regression', 'MALLA REDDY COLLEGE OF ENGINEERING AND TECHNOLOGY \nIII Year B.Tech. CSE- II Sem L/T/P/C \n3 -/-/3 \n(R20A0518) MACHINE LEARNING \nUNIT – I \nIntroduction: Introduction to Machine learning, Supervised learning, Unsupervised learning, \nReinforcement learning. Deep learning. \nFeature Selection: Filter, Wrapper, Embedded methods. \nFeature Normalization:- min-max normalization, z-score normalization, and constant factor \nnormalization \nIntroduction to Dimensionality Reduction: Principal Component Analysis (PCA), Linear \nDiscriminant Analysis (LDA) \nUNIT – II \nSupervised Learning – I (Regression/Classification) \nRegression models: Simple Linear Regression, multiple linear Regression. Cost Function, \nGradient Descent, Performance Metrics: Mean Absolute Error(MAE),Mean Squared \nError(MSE) R-Squared error, Adjusted R Square. \nClassification models: Decision Trees-ID3, CART, Naive Bayes, K-Nearest-Neighbours (KNN), \nLogistic Regression, Multinomial Logistic Regression']",I’m sorry—I couldn’t find the course code for that Machine Learning subject.,R20A0518,,0.0,,
What are the three types of Machine Learning mentioned?,"['data. \n \nHow does Machine Learning Work? \n \nMachine Learning algorithm is trained using a training data set to create a model.   When new input \ndata is introduced to the ML algorithm, it makes a prediction on the basis of t he model.The prediction \nis evaluated for accuracy and if the accuracy is acceptable, the Machine Learning algorithm is \ndeployed. If the accuracy is not acceptable, the Machine Learning algorithm is  trained again and \nagain with an augmented raining data set \nTypes of Machine Learning \nMachine learning is sub-categorized to three types: \n \n\uf0b7 Supervised Learning – Train Me!\uf020\n\uf0b7 Unsupervised Learning – I amself sufficient in learning\uf020\n\uf0b7 Reinforcement Learning – My life My rules! (Hit & Trial)\uf020', 'data. \n \nHow does Machine Learning Work? \n \nMachine Learning algorithm is trained using a training data set to create a model.   When new input \ndata is introduced to the ML algorithm, it makes a prediction on the basis of t he model.The prediction \nis evaluated for accuracy and if the accuracy is acceptable, the Machine Learning algorithm is \ndeployed. If the accuracy is not acceptable, the Machine Learning algorithm is  trained again and \nagain with an augmented raining data set \nTypes of Machine Learning \nMachine learning is sub-categorized to three types: \n \n\uf0b7 Supervised Learning – Train Me!\uf020\n\uf0b7 Unsupervised Learning – I amself sufficient in learning\uf020\n\uf0b7 Reinforcement Learning – My life My rules! (Hit & Trial)\uf020', 'DEPARTMENT OF CSE AY:2023-24 \nMACHINE LEARNING 3 \n \n \n \nClassification of Machine Learning Algorithms Machine Learning algorithms can be classified into: \n \n1. Supervised Algorithms – Linear Regression, Logistic Regression, Support Vector Machine (SVM), \nDecisionTrees, Random Forest \n2. Unsupervised Algorithms – K Means Clustering. \n3. Reinforcement Algorithm \n \n1. Supervised Machine Learning Algorithms \nIn this type of algorithm, the data set on which the machine is trained consists of labelled data or simply  \nsaid, consists both the input parameters as well as the required output. For example, classifying whether a  \nperson is a male or a female. Here male and female will be our labels and our training dataset will already  \nbe classified into the \n \n \ngiven labels based on  certain parameters  through which the  machine will learn these features and \npatterns andclassify some new input data based on the learning from this training data.', 'DEPARTMENT OF CSE AY:2023-24 \nMACHINE LEARNING 3 \n \n \n \nClassification of Machine Learning Algorithms Machine Learning algorithms can be classified into: \n \n1. Supervised Algorithms – Linear Regression, Logistic Regression, Support Vector Machine (SVM), \nDecisionTrees, Random Forest \n2. Unsupervised Algorithms – K Means Clustering. \n3. Reinforcement Algorithm \n \n1. Supervised Machine Learning Algorithms \nIn this type of algorithm, the data set on which the machine is trained consists of labelled data or simply  \nsaid, consists both the input parameters as well as the required output. For example, classifying whether a  \nperson is a male or a female. Here male and female will be our labels and our training dataset will already  \nbe classified into the \n \n \ngiven labels based on  certain parameters  through which the  machine will learn these features and \npatterns andclassify some new input data based on the learning from this training data.']","The three main types of Machine Learning are:

1. **Supervised Learning**  
2. **Unsupervised Learning**  
3. **Reinforcement Learning**","Supervised learning, Unsupervised learning, and Reinforcement learning",,0.9639387475533169,,
What formula is used for min-max normalization?,"[""Xn = (X - Xminimum) / ( Xmaximum - Xminimum) \no Xn = Value of Normalization \no Xmaximum = Maximum value of a feature \no Xminimum = Minimum value of a feature \n \nExample: Let's assume we have a model dataset having maximum and minimum values of feature as  \nmentioned above. To normalize the machine learning model, values are shifted and rescaled so their  \nrange can vary between 0 and 1. This technique is also known as Min-Max scaling. In this scaling"", ""Xn = (X - Xminimum) / ( Xmaximum - Xminimum) \no Xn = Value of Normalization \no Xmaximum = Maximum value of a feature \no Xminimum = Minimum value of a feature \n \nExample: Let's assume we have a model dataset having maximum and minimum values of feature as  \nmentioned above. To normalize the machine learning model, values are shifted and rescaled so their  \nrange can vary between 0 and 1. This technique is also known as Min-Max scaling. In this scaling"", ""the values of numeric columns in the dataset to use a common scale. It is not necessary for all datasets  \nin a model. It is required only when features of machine learning models have different ranges. \n \nAlthough Normalization is no mandate for all datasets available in machine learning, it is used  \nwhenever the attributes of the dataset have different ranges. It helps to enhance the performance an d \nreliability of a machine learning model. In this article, we will discuss in brief various Normalization  \ntechniques in machine learning, why it is used, examples of normalization in an ML model, and much  \nmore. So, let's start with the definition of Normalization in Machine Learning. \nMathematically, we can calculate normalization with the below formula: \nXn = (X - Xminimum) / ( Xmaximum - Xminimum) \no Xn = Value of Normalization \no Xmaximum = Maximum value of a feature \no Xminimum = Minimum value of a feature"", ""the values of numeric columns in the dataset to use a common scale. It is not necessary for all datasets  \nin a model. It is required only when features of machine learning models have different ranges. \n \nAlthough Normalization is no mandate for all datasets available in machine learning, it is used  \nwhenever the attributes of the dataset have different ranges. It helps to enhance the performance an d \nreliability of a machine learning model. In this article, we will discuss in brief various Normalization  \ntechniques in machine learning, why it is used, examples of normalization in an ML model, and much  \nmore. So, let's start with the definition of Normalization in Machine Learning. \nMathematically, we can calculate normalization with the below formula: \nXn = (X - Xminimum) / ( Xmaximum - Xminimum) \no Xn = Value of Normalization \no Xmaximum = Maximum value of a feature \no Xminimum = Minimum value of a feature""]","Min‑max normalization rescales a value \(x\) to a specified range \([a, b]\) (often \([0, 1]\)) using:

\[
x_{\text{norm}} \;=\; a \;+\; \frac{(x - x_{\min})\;(b - a)}{x_{\max} - x_{\min}}
\]

where:
- \(x_{\min}\) = minimum value in the original data,
- \(x_{\max}\) = maximum value in the original data,
- \(a\) = lower bound of the target range,
- \(b\) = upper bound of the target range.",Xn = (X - Xminimum) / (Xmaximum - Xminimum),,0.8973293134144259,,
Who introduced the Principal Component Analysis method?,"['DEPARTMENT OF CSE AY:2023-24 \nMACHINE LEARNING 6 \n \n \n \nThe various methods used for dimensionality reduction include: \n\uf0b7 Principal Component Analysis (PCA)\uf020\n\uf0b7 Linear Discriminant Analysis (LDA)\uf020\n\uf0b7 Generalized Discriminant Analysis (GDA)\uf020\nDimensionality reduction may be both linear or non-linear, depending upon the method used. The \nprime linearmethod, cled Principal Component Analysis, or PCA, is discussed \nPrincipal Component Analysis \n \nThis method was introduced by Karl Pearson. It works on a condition that while the data in a higher  \ndimensional space is mapped to data in a lower dimension space, the variance of the d ata in the lower  \ndimensional space should be maximum. \nIt involves the following steps: \n\uf0b7 Construct the covariance matrix of the data.\uf020\n\uf0b7 Compute the eigenvectors of this matrix.\uf020\n\uf0b7 Eigenvectors corresponding to the largest eigenvalues are used to reconstruct a large fraction of \nvariance of theoriginal data.\uf020', 'DEPARTMENT OF CSE AY:2023-24 \nMACHINE LEARNING 6 \n \n \n \nThe various methods used for dimensionality reduction include: \n\uf0b7 Principal Component Analysis (PCA)\uf020\n\uf0b7 Linear Discriminant Analysis (LDA)\uf020\n\uf0b7 Generalized Discriminant Analysis (GDA)\uf020\nDimensionality reduction may be both linear or non-linear, depending upon the method used. The \nprime linearmethod, cled Principal Component Analysis, or PCA, is discussed \nPrincipal Component Analysis \n \nThis method was introduced by Karl Pearson. It works on a condition that while the data in a higher  \ndimensional space is mapped to data in a lower dimension space, the variance of the d ata in the lower  \ndimensional space should be maximum. \nIt involves the following steps: \n\uf0b7 Construct the covariance matrix of the data.\uf020\n\uf0b7 Compute the eigenvectors of this matrix.\uf020\n\uf0b7 Eigenvectors corresponding to the largest eigenvalues are used to reconstruct a large fraction of \nvariance of theoriginal data.\uf020', '\uf0b7 We may not know how many principal components to keep- in practice, some thumb rules are applied.\uf020\n\uf0b7 Explain fold\uf020\n\uf0b7 based filtering\uf020\n \n3. Kernel Principal Component Analysis \n \nThere are a lot of machine learning problems which a nonlinear, and the use of nonlinear feature mappings  \ncan help to produce new features which make prediction problems linear.  In this section we will discuss the  \nfollowing idea: transformation of the dataset to a new higher-dimensional (in some cases infinite- \ndimensional) feature space and theuse of PCA in that space in order to produce uncorrelated features. Such a  \nmethod is called Kernel Principal Component Analysis or KPCA. \n \nLet us denote a covariance matrix in a new feature space as \n \n \n,', '\uf0b7 We may not know how many principal components to keep- in practice, some thumb rules are applied.\uf020\n\uf0b7 Explain fold\uf020\n\uf0b7 based filtering\uf020\n \n3. Kernel Principal Component Analysis \n \nThere are a lot of machine learning problems which a nonlinear, and the use of nonlinear feature mappings  \ncan help to produce new features which make prediction problems linear.  In this section we will discuss the  \nfollowing idea: transformation of the dataset to a new higher-dimensional (in some cases infinite- \ndimensional) feature space and theuse of PCA in that space in order to produce uncorrelated features. Such a  \nmethod is called Kernel Principal Component Analysis or KPCA. \n \nLet us denote a covariance matrix in a new feature space as \n \n \n,']",Principal Component Analysis (PCA) was first introduced by **Karl Pearson** in 1901.,Karl Pearson,,0.929801894858329,,
What are the two components of dimensionality reduction?,"['uses a template, etc. How ever, some of these features may overlap. In another condition, a classification  \nproblem that relies on both humidity and rainfall can be collapsed into just one underlying feature, since both \nof the aforementioned are correlated to a high degree. Hence, w e can reduce the number of features in such  \nproblems. A 3 -D classification problem can be hard to visualize, whereas a 2 -D one can be mapped to a  \nsimple 2 dimensional space, and a 1 -D problem to a simple line. The below figure illustrates this concept,  \nwhere a 3-D feature space is split into two 1-D feature spaces, and later, if found to be correlated, the number \nof features can be reduced even further \n \nComponents of Dimensionality Reduction \nThere are two components of dimensionality reduction: \n\uf0b7 Feature selection: In this, we try to find a subset of the original set of variables, or features, to \nget a smallersubset which can be used to model the problem. It usually involves three ways:\uf020', 'uses a template, etc. How ever, some of these features may overlap. In another condition, a classification  \nproblem that relies on both humidity and rainfall can be collapsed into just one underlying feature, since both \nof the aforementioned are correlated to a high degree. Hence, w e can reduce the number of features in such  \nproblems. A 3 -D classification problem can be hard to visualize, whereas a 2 -D one can be mapped to a  \nsimple 2 dimensional space, and a 1 -D problem to a simple line. The below figure illustrates this concept,  \nwhere a 3-D feature space is split into two 1-D feature spaces, and later, if found to be correlated, the number \nof features can be reduced even further \n \nComponents of Dimensionality Reduction \nThere are two components of dimensionality reduction: \n\uf0b7 Feature selection: In this, we try to find a subset of the original set of variables, or features, to \nget a smallersubset which can be used to model the problem. It usually involves three ways:\uf020', 'of features, the harder it gets to visualize the training set and then work on it. Sometimes,  most of \nthese features are correlated, and hence redundant. This is where dimensionality reduction algorithms  \ncome into play. Dimensionality reduction is the process of reducing the number of random variables  \nunder consideration, by obtaining a set of principal  variables. It can be divided into feature selection  \nand feature extraction. \n \nWhy is Dimensionality Reduction important in Machine Learning and Predictive Modeling? \nAn intuitive example of dimensionality reduction can be discussed through a simple e -mail classification \nproblem, where we need to classify whether the e -mail is spam or not. This can involve a large number of  \nfeatures, such as whether or not the e -mail has a generic title, the content of the e -mail, whether the e -mail \nuses a template, etc. How ever, some of these features may overlap. In another condition, a classification', 'of features, the harder it gets to visualize the training set and then work on it. Sometimes,  most of \nthese features are correlated, and hence redundant. This is where dimensionality reduction algorithms  \ncome into play. Dimensionality reduction is the process of reducing the number of random variables  \nunder consideration, by obtaining a set of principal  variables. It can be divided into feature selection  \nand feature extraction. \n \nWhy is Dimensionality Reduction important in Machine Learning and Predictive Modeling? \nAn intuitive example of dimensionality reduction can be discussed through a simple e -mail classification \nproblem, where we need to classify whether the e -mail is spam or not. This can involve a large number of  \nfeatures, such as whether or not the e -mail has a generic title, the content of the e -mail, whether the e -mail \nuses a template, etc. How ever, some of these features may overlap. In another condition, a classification']","The two main components of dimensionality reduction are:

1. **Feature Selection** – choosing a subset of the original variables.  
2. **Feature Extraction** – transforming the data into a lower‑dimensional space (e.g., PCA, t‑SNE).",Feature selection and feature extraction,,0.9894297801953132,0.999999999975,
What does MAE stand for in performance metrics?,"['computes the absolute distance between the  actual output and predicted output and is insensitive to  \nanomalies. In addition, MAE does not penalize high errors caused by these anomalies. \nOverall, it effortlessly operates the dataset with any anomalies and predicts outcomes with better  \nprecision. \nHowever, MAE comes with the drawback of being non -differentiable at zero. Thus, fail to perform  \nwell in Loss Function Optimization Algorithms that involve differentiation to evaluate optimal  \ncoefficients. \niii. Mean Squared Error (MSE) \nMSE, also known as L2 Loss, is used most frequently and successfully improves the drawbacks of  \nboth ME  and MAE. It computes the “square” of the  distance between the  actual output  and \npredicted output, preventing negative error possibilities. \nDue to squaring errors, MSE penalizes high errors caused by the anomalies and is beneficial to Loss \nFunction Optimization Algorithms for evaluating optimal coefficients.', 'computes the absolute distance between the  actual output and predicted output and is insensitive to  \nanomalies. In addition, MAE does not penalize high errors caused by these anomalies. \nOverall, it effortlessly operates the dataset with any anomalies and predicts outcomes with better  \nprecision. \nHowever, MAE comes with the drawback of being non -differentiable at zero. Thus, fail to perform  \nwell in Loss Function Optimization Algorithms that involve differentiation to evaluate optimal  \ncoefficients. \niii. Mean Squared Error (MSE) \nMSE, also known as L2 Loss, is used most frequently and successfully improves the drawbacks of  \nboth ME  and MAE. It computes the “square” of the  distance between the  actual output  and \npredicted output, preventing negative error possibilities. \nDue to squaring errors, MSE penalizes high errors caused by the anomalies and is beneficial to Loss \nFunction Optimization Algorithms for evaluating optimal coefficients.', 'Regression Cost F unction. It computes the error as the distance between the actual output and the  \npredicted output. \nThe Regression Cost Functions are the simplest and fine -tuned for linear progression. The most  \ncommon among them are: \ni. Mean Error (ME) \nME is the  most straightforward approach and  acts as a foundation  for other  Regression Cost  \nFunctions. It computes the error for every training dataset and calculates the mean of all derived  \nerrors. \nME is usually not suggested because the error values are either positive or negative. During mean  \ncalculation, they cancel each other and give a zero-mean error outcome. \nii. Mean Absolute Error (MAE) \nMAE, also known as L1 Loss, overcomes the drawback of Means Error (ME) mentioned above. It  \ncomputes the absolute distance between the  actual output and predicted output and is insensitive to  \nanomalies. In addition, MAE does not penalize high errors caused by these anomalies.', 'Regression Cost F unction. It computes the error as the distance between the actual output and the  \npredicted output. \nThe Regression Cost Functions are the simplest and fine -tuned for linear progression. The most  \ncommon among them are: \ni. Mean Error (ME) \nME is the  most straightforward approach and  acts as a foundation  for other  Regression Cost  \nFunctions. It computes the error for every training dataset and calculates the mean of all derived  \nerrors. \nME is usually not suggested because the error values are either positive or negative. During mean  \ncalculation, they cancel each other and give a zero-mean error outcome. \nii. Mean Absolute Error (MAE) \nMAE, also known as L1 Loss, overcomes the drawback of Means Error (ME) mentioned above. It  \ncomputes the absolute distance between the  actual output and predicted output and is insensitive to  \nanomalies. In addition, MAE does not penalize high errors caused by these anomalies.']",MAE stands for **Mean Absolute Error**.,Mean Absolute Error,1.0,0.8627156742737038,0.4166666666458333,
What is the name of the method used in Random Forest that combines multiple decision trees?,"['the case of classification. It performs better for classification and regression tasks. \n \nWhat is Random forest \nA Random Forest is like a group decision -making team in machine learning. It combines the  \nopinions of many “trees” (individual models) to make better predictions, creating a more robust  \nand accurate overall model. \nWhat is Random Forest Algorithm? \nRandom Forest Algorithm widespread popularity stems from its user-friendly nature and \nadaptability, enabling it to tackle both classification and regression problems effectively. The  \nalgorithm’s strength lies in its ability to handle complex datasets and mitigate overfitting, making \nit a valuable tool for various predictive tasks in machine learning.', 'the case of classification. It performs better for classification and regression tasks. \n \nWhat is Random forest \nA Random Forest is like a group decision -making team in machine learning. It combines the  \nopinions of many “trees” (individual models) to make better predictions, creating a more robust  \nand accurate overall model. \nWhat is Random Forest Algorithm? \nRandom Forest Algorithm widespread popularity stems from its user-friendly nature and \nadaptability, enabling it to tackle both classification and regression problems effectively. The  \nalgorithm’s strength lies in its ability to handle complex datasets and mitigate overfitting, making \nit a valuable tool for various predictive tasks in machine learning.', 'DEPARTMENT OF CSE AY:2023-24 \nMACHINE LEARNING 67 \n \n \n \nOne of the most important features of the Random Forest Algorithm is that it can handle the data  \nset containing continuous variables, as in the case of regression, and categorical variables, as in \nthe case of classification. It performs better for classification and regression tasks. In this tutorial,  \nwe will understand the working of random forest and implement random forest on a \nclassification task. \n \nAs mentioned earlier, Random forest works on the Bagging principle. Now let’s dive in and  \nunderstand bagging in detail. \n \nSteps Involved in Random Forest Algorithm \n \n\uf0b7 Step 1: In the Random forest model, a subset of data points and a subset of features is selected  \nfor constructing each decision tree. Simply put, n random records and m features are taken from  \nthe data set having k number of records.\uf020\n\uf0b7 Step 2: Individual decision trees are constructed for each sample.\uf020', 'DEPARTMENT OF CSE AY:2023-24 \nMACHINE LEARNING 67 \n \n \n \nOne of the most important features of the Random Forest Algorithm is that it can handle the data  \nset containing continuous variables, as in the case of regression, and categorical variables, as in \nthe case of classification. It performs better for classification and regression tasks. In this tutorial,  \nwe will understand the working of random forest and implement random forest on a \nclassification task. \n \nAs mentioned earlier, Random forest works on the Bagging principle. Now let’s dive in and  \nunderstand bagging in detail. \n \nSteps Involved in Random Forest Algorithm \n \n\uf0b7 Step 1: In the Random forest model, a subset of data points and a subset of features is selected  \nfor constructing each decision tree. Simply put, n random records and m features are taken from  \nthe data set having k number of records.\uf020\n\uf0b7 Step 2: Individual decision trees are constructed for each sample.\uf020']","The method is called **bagging** (bootstrap aggregating), which ensembles multiple decision trees into a Random Forest.",Bagging (Bootstrap Aggregation),,0.9165916220700808,0.4166666666458333,
